{"bayesr_default": {"1_d_r": 0.06666666666666667, "0.99_d_r": 0.06666666666666667, "0.95_d_r": 0.06666666666666667, "0.9_d_r": 0.06666666666666667, "0.8_d_r": 0.06666666666666667, "0.7_d_r": 0.06666666666666667, "0.5_d_r": 0.08333333333333333, "0.2_d_r": 0.08333333333333333, "1_tp": 1, "0.99_tp": 2, "0.95_tp": 2, "0.9_tp": 2, "0.8_tp": 4, "0.7_tp": 4, "0.5_tp": 4, "0.2_tp": 5, "1_fp": 0, "0.99_fp": 0, "0.95_fp": 0, "0.9_fp": 0, "0.8_fp": 0, "0.7_fp": 1, "0.5_fp": 1, "0.2_fp": 3}, "bolt_no_cheat_non_zero_f1": {"1_d_r": null, "0.99_d_r": null, "0.95_d_r": null, "0.9_d_r": null, "0.8_d_r": null, "0.7_d_r": null, "0.5_d_r": null, "0.2_d_r": null, "1_tp": 0, "0.99_tp": 0, "0.95_tp": 0, "0.9_tp": 0, "0.8_tp": 0, "0.7_tp": 0, "0.5_tp": 0, "0.2_tp": 0, "1_fp": 0, "0.99_fp": 0, "0.95_fp": 0, "0.9_fp": 0, "0.8_fp": 0, "0.7_fp": 0, "0.5_fp": 0, "0.2_fp": 0}, "finemap": {"1_d_r": null, "0.99_d_r": null, "0.95_d_r": null, "0.9_d_r": null, "0.8_d_r": null, "0.7_d_r": null, "0.5_d_r": null, "0.2_d_r": 0.03333333333333333, "1_tp": 1, "0.99_tp": 3, "0.95_tp": 4, "0.9_tp": 4, "0.8_tp": 5, "0.7_tp": 5, "0.5_tp": 5, "0.2_tp": 6, "1_fp": 4, "0.99_fp": 20, "0.95_fp": 27, "0.9_fp": 30, "0.8_fp": 42, "0.7_fp": 47, "0.5_fp": 59, "0.2_fp": 86}, "bolt_no_cheat": {"1_d_r": 0.06666666666666667, "0.99_d_r": 0.06666666666666667, "0.95_d_r": 0.06666666666666667, "0.9_d_r": 0.06666666666666667, "0.8_d_r": 0.06666666666666667, "0.7_d_r": 0.06666666666666667, "0.5_d_r": 0.08333333333333333, "0.2_d_r": 0.15, "1_tp": 1, "0.99_tp": 2, "0.95_tp": 2, "0.9_tp": 3, "0.8_tp": 4, "0.7_tp": 4, "0.5_tp": 4, "0.2_tp": 4, "1_fp": 0, "0.99_fp": 0, "0.95_fp": 0, "0.9_fp": 0, "0.8_fp": 0, "0.7_fp": 0, "0.5_fp": 1, "0.2_fp": 3}, "susie_cheat_casusal": {"1_d_r": null, "0.99_d_r": null, "0.95_d_r": null, "0.9_d_r": null, "0.8_d_r": null, "0.7_d_r": null, "0.5_d_r": 0.06666666666666667, "0.2_d_r": 0.1, "1_tp": 0, "0.99_tp": 3, "0.95_tp": 4, "0.9_tp": 4, "0.8_tp": 5, "0.7_tp": 5, "0.5_tp": 5, "0.2_tp": 5, "1_fp": 1, "0.99_fp": 3, "0.95_fp": 6, "0.9_fp": 6, "0.8_fp": 6, "0.7_fp": 6, "0.5_fp": 9, "0.2_fp": 14}, "bolt_no_cheat_uniform": {"1_d_r": 0.06666666666666667, "0.99_d_r": 0.06666666666666667, "0.95_d_r": 0.06666666666666667, "0.9_d_r": 0.06666666666666667, "0.8_d_r": 0.06666666666666667, "0.7_d_r": 0.06666666666666667, "0.5_d_r": 0.08333333333333333, "0.2_d_r": 0.15, "1_tp": 1, "0.99_tp": 2, "0.95_tp": 2, "0.9_tp": 3, "0.8_tp": 4, "0.7_tp": 4, "0.5_tp": 4, "0.2_tp": 4, "1_fp": 0, "0.99_fp": 0, "0.95_fp": 0, "0.9_fp": 0, "0.8_fp": 0, "0.7_fp": 0, "0.5_fp": 1, "0.2_fp": 3}, "bolt_anti_cheat": {"1_d_r": 0.08333333333333333, "0.99_d_r": 0.08333333333333333, "0.95_d_r": 0.08333333333333333, "0.9_d_r": 0.08333333333333333, "0.8_d_r": 0.08333333333333333, "0.7_d_r": 0.08333333333333333, "0.5_d_r": 0.11666666666666667, "0.2_d_r": 0.13333333333333333, "1_tp": 2, "0.99_tp": 2, "0.95_tp": 3, "0.9_tp": 3, "0.8_tp": 5, "0.7_tp": 5, "0.5_tp": 5, "0.2_tp": 7, "1_fp": 0, "0.99_fp": 0, "0.95_fp": 0, "0.9_fp": 0, "0.8_fp": 1, "0.7_fp": 1, "0.5_fp": 2, "0.2_fp": 5}, "bolt_cheat": {"1_d_r": 0.08333333333333333, "0.99_d_r": 0.08333333333333333, "0.95_d_r": 0.08333333333333333, "0.9_d_r": 0.08333333333333333, "0.8_d_r": 0.08333333333333333, "0.7_d_r": 0.08333333333333333, "0.5_d_r": 0.11666666666666667, "0.2_d_r": 0.13333333333333333, "1_tp": 2, "0.99_tp": 2, "0.95_tp": 3, "0.9_tp": 3, "0.8_tp": 4, "0.7_tp": 5, "0.5_tp": 5, "0.2_tp": 6, "1_fp": 0, "0.99_fp": 0, "0.95_fp": 0, "0.9_fp": 0, "0.8_fp": 0, "0.7_fp": 1, "0.5_fp": 2, "0.2_fp": 4}, "bolt_cheat_casual": {"1_d_r": 0.06666666666666667, "0.99_d_r": 0.06666666666666667, "0.95_d_r": 0.06666666666666667, "0.9_d_r": 0.06666666666666667, "0.8_d_r": 0.1, "0.7_d_r": 0.1, "0.5_d_r": 0.11666666666666667, "0.2_d_r": 0.15, "1_tp": 0, "0.99_tp": 3, "0.95_tp": 4, "0.9_tp": 4, "0.8_tp": 4, "0.7_tp": 5, "0.5_tp": 6, "0.2_tp": 7, "1_fp": 0, "0.99_fp": 0, "0.95_fp": 0, "0.9_fp": 0, "0.8_fp": 0, "0.7_fp": 1, "0.5_fp": 1, "0.2_fp": 6}, "finemap_cheat_casual": {"1_d_r": 0.016666666666666666, "0.99_d_r": 0.016666666666666666, "0.95_d_r": 0.016666666666666666, "0.9_d_r": 0.016666666666666666, "0.8_d_r": 0.016666666666666666, "0.7_d_r": 0.016666666666666666, "0.5_d_r": 0.016666666666666666, "0.2_d_r": 0.06666666666666667, "1_tp": 1, "0.99_tp": 3, "0.95_tp": 4, "0.9_tp": 4, "0.8_tp": 4, "0.7_tp": 4, "0.5_tp": 5, "0.2_tp": 6, "1_fp": 4, "0.99_fp": 9, "0.95_fp": 15, "0.9_fp": 18, "0.8_fp": 21, "0.7_fp": 25, "0.5_fp": 34, "0.2_fp": 60}, "bolt_cheat_he": {"1_d_r": 0.06666666666666667, "0.99_d_r": 0.06666666666666667, "0.95_d_r": 0.06666666666666667, "0.9_d_r": 0.06666666666666667, "0.8_d_r": 0.06666666666666667, "0.7_d_r": 0.06666666666666667, "0.5_d_r": 0.08333333333333333, "0.2_d_r": 0.1, "1_tp": 1, "0.99_tp": 2, "0.95_tp": 2, "0.9_tp": 2, "0.8_tp": 3, "0.7_tp": 3, "0.5_tp": 4, "0.2_tp": 4, "1_fp": 0, "0.99_fp": 0, "0.95_fp": 0, "0.9_fp": 0, "0.8_fp": 0, "0.7_fp": 0, "0.5_fp": 0, "0.2_fp": 1}, "susieR": {"1_d_r": null, "0.99_d_r": null, "0.95_d_r": null, "0.9_d_r": null, "0.8_d_r": null, "0.7_d_r": null, "0.5_d_r": null, "0.2_d_r": 0.06666666666666667, "1_tp": 0, "0.99_tp": 4, "0.95_tp": 4, "0.9_tp": 4, "0.8_tp": 4, "0.7_tp": 4, "0.5_tp": 4, "0.2_tp": 6, "1_fp": 1, "0.99_fp": 13, "0.95_fp": 17, "0.9_fp": 18, "0.8_fp": 18, "0.7_fp": 19, "0.5_fp": 23, "0.2_fp": 33}, "gwas": {"1_d_r": 0.03333333333333333, "0.99_d_r": 0.03333333333333333, "0.95_d_r": 0.03333333333333333, "0.9_d_r": 0.03333333333333333, "0.8_d_r": 0.03333333333333333, "0.7_d_r": 0.03333333333333333, "0.5_d_r": 0.11666666666666667, "0.2_d_r": 0.13333333333333333}}