{"bolt_no_cheat": {"1_d_r": 0.03333333333333333, "0.99_d_r": 0.03333333333333333, "0.95_d_r": 0.03333333333333333, "0.9_d_r": 0.48333333333333334, "0.8_d_r": 0.6166666666666667, "0.7_d_r": 0.6166666666666667, "0.5_d_r": 0.65, "0.2_d_r": 0.75, "1_tp": 26, "0.99_tp": 32, "0.95_tp": 32, "0.9_tp": 34, "0.8_tp": 34, "0.7_tp": 35, "0.5_tp": 35, "0.2_tp": 37, "1_fp": 2, "0.99_fp": 5, "0.95_fp": 5, "0.9_fp": 5, "0.8_fp": 6, "0.7_fp": 7, "0.5_fp": 7, "0.2_fp": 9}, "finemap_cheat_casual": {"1_d_r": 0.15, "0.99_d_r": 0.15, "0.95_d_r": 0.15, "0.9_d_r": 0.38333333333333336, "0.8_d_r": 0.4666666666666667, "0.7_d_r": 0.5, "0.5_d_r": 0.55, "0.2_d_r": 0.6166666666666667, "1_tp": 24, "0.99_tp": 28, "0.95_tp": 28, "0.9_tp": 30, "0.8_tp": 30, "0.7_tp": 30, "0.5_tp": 30, "0.2_tp": 33, "1_fp": 3, "0.99_fp": 9, "0.95_fp": 11, "0.9_fp": 13, "0.8_fp": 16, "0.7_fp": 20, "0.5_fp": 24, "0.2_fp": 36}, "susieR": {"1_d_r": 0.05, "0.99_d_r": 0.05, "0.95_d_r": 0.05, "0.9_d_r": 0.05, "0.8_d_r": 0.2833333333333333, "0.7_d_r": 0.4166666666666667, "0.5_d_r": 0.5333333333333333, "0.2_d_r": 0.7, "1_tp": 16, "0.99_tp": 33, "0.95_tp": 34, "0.9_tp": 34, "0.8_tp": 34, "0.7_tp": 34, "0.5_tp": 35, "0.2_tp": 39, "1_fp": 4, "0.99_fp": 53, "0.95_fp": 58, "0.9_fp": 63, "0.8_fp": 70, "0.7_fp": 78, "0.5_fp": 84, "0.2_fp": 110}, "finemap": {"1_d_r": 0.1, "0.99_d_r": 0.1, "0.95_d_r": 0.1, "0.9_d_r": 0.48333333333333334, "0.8_d_r": 0.48333333333333334, "0.7_d_r": 0.48333333333333334, "0.5_d_r": 0.5333333333333333, "0.2_d_r": 0.6666666666666666, "1_tp": 26, "0.99_tp": 30, "0.95_tp": 31, "0.9_tp": 32, "0.8_tp": 32, "0.7_tp": 32, "0.5_tp": 33, "0.2_tp": 37, "1_fp": 2, "0.99_fp": 19, "0.95_fp": 25, "0.9_fp": 27, "0.8_fp": 33, "0.7_fp": 39, "0.5_fp": 48, "0.2_fp": 80}, "bolt_cheat": {"1_d_r": 0.016666666666666666, "0.99_d_r": 0.016666666666666666, "0.95_d_r": 0.016666666666666666, "0.9_d_r": 0.6166666666666667, "0.8_d_r": 0.6333333333333333, "0.7_d_r": 0.65, "0.5_d_r": 0.6666666666666666, "0.2_d_r": 0.7166666666666667, "1_tp": 26, "0.99_tp": 33, "0.95_tp": 33, "0.9_tp": 34, "0.8_tp": 36, "0.7_tp": 36, "0.5_tp": 37, "0.2_tp": 37, "1_fp": 3, "0.99_fp": 3, "0.95_fp": 3, "0.9_fp": 3, "0.8_fp": 3, "0.7_fp": 4, "0.5_fp": 4, "0.2_fp": 7}, "susie_cheat_casusal": {"1_d_r": 0.2, "0.99_d_r": 0.2, "0.95_d_r": 0.4166666666666667, "0.9_d_r": 0.43333333333333335, "0.8_d_r": 0.4666666666666667, "0.7_d_r": 0.5166666666666667, "0.5_d_r": 0.5833333333333334, "0.2_d_r": 0.5833333333333334, "1_tp": 18, "0.99_tp": 29, "0.95_tp": 30, "0.9_tp": 31, "0.8_tp": 31, "0.7_tp": 31, "0.5_tp": 31, "0.2_tp": 33, "1_fp": 1, "0.99_fp": 12, "0.95_fp": 12, "0.9_fp": 13, "0.8_fp": 17, "0.7_fp": 19, "0.5_fp": 20, "0.2_fp": 27}, "gwas": {"1_d_r": 0.15, "0.99_d_r": 0.15, "0.95_d_r": 0.15, "0.9_d_r": 0.16666666666666666, "0.8_d_r": 0.16666666666666666, "0.7_d_r": 0.16666666666666666, "0.5_d_r": 0.2833333333333333, "0.2_d_r": 0.4666666666666667}}