{"finemap_cheat_casual": {"1_d_r": 0.03333333333333333, "0.99_d_r": 0.03333333333333333, "0.95_d_r": 0.03333333333333333, "0.9_d_r": 0.03333333333333333, "0.8_d_r": 0.03333333333333333, "0.7_d_r": 0.03333333333333333, "0.5_d_r": 0.03333333333333333, "0.2_d_r": 0.08333333333333333, "1_tp": 2, "0.99_tp": 2, "0.95_tp": 4, "0.9_tp": 4, "0.8_tp": 5, "0.7_tp": 5, "0.5_tp": 5, "0.2_tp": 7, "1_fp": 1, "0.99_fp": 7, "0.95_fp": 10, "0.9_fp": 15, "0.8_fp": 21, "0.7_fp": 22, "0.5_fp": 28, "0.2_fp": 57}, "finemap": {"1_d_r": null, "0.99_d_r": null, "0.95_d_r": null, "0.9_d_r": null, "0.8_d_r": null, "0.7_d_r": null, "0.5_d_r": 0.03333333333333333, "0.2_d_r": 0.03333333333333333, "1_tp": 2, "0.99_tp": 2, "0.95_tp": 4, "0.9_tp": 4, "0.8_tp": 5, "0.7_tp": 5, "0.5_tp": 6, "0.2_tp": 8, "1_fp": 3, "0.99_fp": 21, "0.95_fp": 29, "0.9_fp": 31, "0.8_fp": 36, "0.7_fp": 39, "0.5_fp": 51, "0.2_fp": 83}, "bolt_cheat": {"1_d_r": null, "0.99_d_r": null, "0.95_d_r": null, "0.9_d_r": null, "0.8_d_r": 0.06666666666666667, "0.7_d_r": 0.06666666666666667, "0.5_d_r": 0.06666666666666667, "0.2_d_r": 0.15, "1_tp": 1, "0.99_tp": 4, "0.95_tp": 4, "0.9_tp": 4, "0.8_tp": 4, "0.7_tp": 4, "0.5_tp": 4, "0.2_tp": 4, "1_fp": 1, "0.99_fp": 1, "0.95_fp": 1, "0.9_fp": 1, "0.8_fp": 1, "0.7_fp": 1, "0.5_fp": 1, "0.2_fp": 3}, "susieR": {"1_d_r": 0.016666666666666666, "0.99_d_r": 0.016666666666666666, "0.95_d_r": 0.016666666666666666, "0.9_d_r": 0.016666666666666666, "0.8_d_r": 0.016666666666666666, "0.7_d_r": 0.016666666666666666, "0.5_d_r": 0.03333333333333333, "0.2_d_r": 0.11666666666666667, "1_tp": 1, "0.99_tp": 3, "0.95_tp": 4, "0.9_tp": 4, "0.8_tp": 5, "0.7_tp": 5, "0.5_tp": 5, "0.2_tp": 6, "1_fp": 0, "0.99_fp": 5, "0.95_fp": 6, "0.9_fp": 8, "0.8_fp": 9, "0.7_fp": 9, "0.5_fp": 13, "0.2_fp": 24}, "susie_cheat_casusal": {"1_d_r": 0.016666666666666666, "0.99_d_r": 0.016666666666666666, "0.95_d_r": 0.016666666666666666, "0.9_d_r": 0.016666666666666666, "0.8_d_r": 0.016666666666666666, "0.7_d_r": 0.016666666666666666, "0.5_d_r": 0.05, "0.2_d_r": 0.11666666666666667, "1_tp": 1, "0.99_tp": 3, "0.95_tp": 4, "0.9_tp": 4, "0.8_tp": 5, "0.7_tp": 5, "0.5_tp": 5, "0.2_tp": 6, "1_fp": 0, "0.99_fp": 3, "0.95_fp": 6, "0.9_fp": 6, "0.8_fp": 7, "0.7_fp": 7, "0.5_fp": 7, "0.2_fp": 17}, "bolt_no_cheat": {"1_d_r": null, "0.99_d_r": null, "0.95_d_r": null, "0.9_d_r": null, "0.8_d_r": 0.06666666666666667, "0.7_d_r": 0.06666666666666667, "0.5_d_r": 0.06666666666666667, "0.2_d_r": 0.15, "1_tp": 1, "0.99_tp": 3, "0.95_tp": 4, "0.9_tp": 4, "0.8_tp": 4, "0.7_tp": 4, "0.5_tp": 4, "0.2_tp": 4, "1_fp": 1, "0.99_fp": 1, "0.95_fp": 1, "0.9_fp": 1, "0.8_fp": 1, "0.7_fp": 1, "0.5_fp": 1, "0.2_fp": 3}, "gwas": {"1_d_r": 0.016666666666666666, "0.99_d_r": 0.016666666666666666, "0.95_d_r": 0.016666666666666666, "0.9_d_r": 0.016666666666666666, "0.8_d_r": 0.016666666666666666, "0.7_d_r": 0.016666666666666666, "0.5_d_r": 0.016666666666666666, "0.2_d_r": 0.016666666666666666}}