{"finemap_cheat_casual": {"1_d_r": 0.55, "0.99_d_r": 0.55, "0.95_d_r": 0.95, "0.9_d_r": 0.95, "0.8_d_r": 0.95, "0.7_d_r": 0.95, "0.5_d_r": 0.95, "0.2_d_r": 0.95, "1_tp": 19, "0.99_tp": 19, "0.95_tp": 19, "0.9_tp": 19, "0.8_tp": 19, "0.7_tp": 19, "0.5_tp": 19, "0.2_tp": 19, "1_fp": 1, "0.99_fp": 1, "0.95_fp": 1, "0.9_fp": 1, "0.8_fp": 1, "0.7_fp": 1, "0.5_fp": 1, "0.2_fp": 1}, "bolt_cheat_he": {"1_d_r": 0.2631578947368421, "0.99_d_r": 0.2631578947368421, "0.95_d_r": 0.2631578947368421, "0.9_d_r": 0.9473684210526315, "0.8_d_r": 1.0, "0.7_d_r": 1.0, "0.5_d_r": 1.0, "0.2_d_r": 1.0, "1_tp": 19, "0.99_tp": 19, "0.95_tp": 19, "0.9_tp": 19, "0.8_tp": 19, "0.7_tp": 19, "0.5_tp": 19, "0.2_tp": 19, "1_fp": 3, "0.99_fp": 9, "0.95_fp": 9, "0.9_fp": 10, "0.8_fp": 10, "0.7_fp": 10, "0.5_fp": 14, "0.2_fp": 19}, "bolt_cheat": {"1_d_r": 0.47368421052631576, "0.99_d_r": 0.47368421052631576, "0.95_d_r": 0.47368421052631576, "0.9_d_r": 0.7368421052631579, "0.8_d_r": 1.0, "0.7_d_r": 1.0, "0.5_d_r": 1.0, "0.2_d_r": 1.0, "1_tp": 19, "0.99_tp": 19, "0.95_tp": 19, "0.9_tp": 19, "0.8_tp": 19, "0.7_tp": 19, "0.5_tp": 19, "0.2_tp": 19, "1_fp": 3, "0.99_fp": 10, "0.95_fp": 12, "0.9_fp": 14, "0.8_fp": 16, "0.7_fp": 17, "0.5_fp": 20, "0.2_fp": 30}, "bolt_cheat_casual": {"1_d_r": 0.05263157894736842, "0.99_d_r": 0.05263157894736842, "0.95_d_r": 0.05263157894736842, "0.9_d_r": 0.05263157894736842, "0.8_d_r": 0.21052631578947367, "0.7_d_r": 0.21052631578947367, "0.5_d_r": 1.0, "0.2_d_r": 1.0, "1_tp": 19, "0.99_tp": 19, "0.95_tp": 19, "0.9_tp": 19, "0.8_tp": 19, "0.7_tp": 19, "0.5_tp": 19, "0.2_tp": 19, "1_fp": 14, "0.99_fp": 20, "0.95_fp": 23, "0.9_fp": 25, "0.8_fp": 28, "0.7_fp": 32, "0.5_fp": 39, "0.2_fp": 50}, "bolt_no_cheat_uniform": {"1_d_r": 0.05263157894736842, "0.99_d_r": 0.05263157894736842, "0.95_d_r": 0.05263157894736842, "0.9_d_r": 0.05263157894736842, "0.8_d_r": 0.05263157894736842, "0.7_d_r": 0.05263157894736842, "0.5_d_r": 1.0, "0.2_d_r": 1.0, "1_tp": 19, "0.99_tp": 19, "0.95_tp": 19, "0.9_tp": 19, "0.8_tp": 19, "0.7_tp": 19, "0.5_tp": 19, "0.2_tp": 19, "1_fp": 13, "0.99_fp": 22, "0.95_fp": 24, "0.9_fp": 25, "0.8_fp": 31, "0.7_fp": 32, "0.5_fp": 35, "0.2_fp": 52}, "bolt_no_cheat_non_zero_f1": {"1_d_r": null, "0.99_d_r": null, "0.95_d_r": null, "0.9_d_r": null, "0.8_d_r": null, "0.7_d_r": null, "0.5_d_r": null, "0.2_d_r": null, "1_tp": 0, "0.99_tp": 0, "0.95_tp": 0, "0.9_tp": 0, "0.8_tp": 0, "0.7_tp": 0, "0.5_tp": 0, "0.2_tp": 0, "1_fp": 0, "0.99_fp": 0, "0.95_fp": 0, "0.9_fp": 0, "0.8_fp": 0, "0.7_fp": 0, "0.5_fp": 0, "0.2_fp": 0}, "susieR": {"1_d_r": null, "0.99_d_r": null, "0.95_d_r": null, "0.9_d_r": null, "0.8_d_r": null, "0.7_d_r": null, "0.5_d_r": 0.85, "0.2_d_r": 0.95, "1_tp": 17, "0.99_tp": 19, "0.95_tp": 19, "0.9_tp": 19, "0.8_tp": 19, "0.7_tp": 19, "0.5_tp": 19, "0.2_tp": 19, "1_fp": 19, "0.99_fp": 91, "0.95_fp": 98, "0.9_fp": 102, "0.8_fp": 113, "0.7_fp": 119, "0.5_fp": 132, "0.2_fp": 150}, "bolt_no_cheat": {"1_d_r": 0.05263157894736842, "0.99_d_r": 0.05263157894736842, "0.95_d_r": 0.05263157894736842, "0.9_d_r": 0.05263157894736842, "0.8_d_r": 0.05263157894736842, "0.7_d_r": 0.8421052631578947, "0.5_d_r": 1.0, "0.2_d_r": 1.0, "1_tp": 19, "0.99_tp": 19, "0.95_tp": 19, "0.9_tp": 19, "0.8_tp": 19, "0.7_tp": 19, "0.5_tp": 19, "0.2_tp": 19, "1_fp": 14, "0.99_fp": 20, "0.95_fp": 22, "0.9_fp": 25, "0.8_fp": 28, "0.7_fp": 30, "0.5_fp": 37, "0.2_fp": 47}, "susie_cheat_casusal": {"1_d_r": 0.35, "0.99_d_r": 0.35, "0.95_d_r": 0.95, "0.9_d_r": 0.95, "0.8_d_r": 0.95, "0.7_d_r": 0.95, "0.5_d_r": 0.95, "0.2_d_r": 0.95, "1_tp": 17, "0.99_tp": 19, "0.95_tp": 19, "0.9_tp": 19, "0.8_tp": 19, "0.7_tp": 19, "0.5_tp": 19, "0.2_tp": 19, "1_fp": 1, "0.99_fp": 1, "0.95_fp": 1, "0.9_fp": 1, "0.8_fp": 1, "0.7_fp": 1, "0.5_fp": 1, "0.2_fp": 1}, "bolt_anti_cheat": {"1_d_r": 0.1111111111111111, "0.99_d_r": 0.1111111111111111, "0.95_d_r": 0.1111111111111111, "0.9_d_r": 0.1111111111111111, "0.8_d_r": 0.9444444444444444, "0.7_d_r": 1.0, "0.5_d_r": 1.0, "0.2_d_r": 1.0, "1_tp": 18, "0.99_tp": 18, "0.95_tp": 18, "0.9_tp": 18, "0.8_tp": 18, "0.7_tp": 18, "0.5_tp": 18, "0.2_tp": 18, "1_fp": 7, "0.99_fp": 17, "0.95_fp": 22, "0.9_fp": 23, "0.8_fp": 27, "0.7_fp": 31, "0.5_fp": 35, "0.2_fp": 50}, "bayesr_default": {"1_d_r": 0.15789473684210525, "0.99_d_r": 0.15789473684210525, "0.95_d_r": 0.15789473684210525, "0.9_d_r": 0.15789473684210525, "0.8_d_r": 0.631578947368421, "0.7_d_r": 1.0, "0.5_d_r": 1.0, "0.2_d_r": 1.0, "1_tp": 19, "0.99_tp": 19, "0.95_tp": 19, "0.9_tp": 19, "0.8_tp": 19, "0.7_tp": 19, "0.5_tp": 19, "0.2_tp": 19, "1_fp": 8, "0.99_fp": 22, "0.95_fp": 25, "0.9_fp": 29, "0.8_fp": 31, "0.7_fp": 33, "0.5_fp": 36, "0.2_fp": 58}, "finemap": {"1_d_r": 0.1, "0.99_d_r": 0.1, "0.95_d_r": 0.1, "0.9_d_r": 0.1, "0.8_d_r": 0.2, "0.7_d_r": 0.3, "0.5_d_r": 0.9, "0.2_d_r": 0.95, "1_tp": 18, "0.99_tp": 19, "0.95_tp": 19, "0.9_tp": 19, "0.8_tp": 19, "0.7_tp": 19, "0.5_tp": 19, "0.2_tp": 19, "1_fp": 19, "0.99_fp": 48, "0.95_fp": 56, "0.9_fp": 62, "0.8_fp": 66, "0.7_fp": 70, "0.5_fp": 74, "0.2_fp": 82}, "gwas": {"1_d_r": 0.05, "0.99_d_r": 0.05, "0.95_d_r": 0.05, "0.9_d_r": 0.05, "0.8_d_r": 0.05, "0.7_d_r": 0.05, "0.5_d_r": 0.05, "0.2_d_r": 0.9}}