{"susie_cheat_casusal": {"1_d_r": 0.016666666666666666, "0.99_d_r": 0.016666666666666666, "0.95_d_r": 0.016666666666666666, "0.9_d_r": 0.18333333333333332, "0.8_d_r": 0.2, "0.7_d_r": 0.2833333333333333, "0.5_d_r": 0.38333333333333336, "0.2_d_r": 0.43333333333333335, "1_tp": 10, "0.99_tp": 18, "0.95_tp": 19, "0.9_tp": 19, "0.8_tp": 19, "0.7_tp": 20, "0.5_tp": 23, "0.2_tp": 24, "1_fp": 1, "0.99_fp": 9, "0.95_fp": 10, "0.9_fp": 10, "0.8_fp": 16, "0.7_fp": 22, "0.5_fp": 23, "0.2_fp": 38}, "bolt_no_cheat_non_zero_f1": {"1_d_r": null, "0.99_d_r": null, "0.95_d_r": null, "0.9_d_r": null, "0.8_d_r": null, "0.7_d_r": null, "0.5_d_r": null, "0.2_d_r": null, "1_tp": 0, "0.99_tp": 0, "0.95_tp": 0, "0.9_tp": 0, "0.8_tp": 0, "0.7_tp": 0, "0.5_tp": 0, "0.2_tp": 0, "1_fp": 0, "0.99_fp": 0, "0.95_fp": 0, "0.9_fp": 0, "0.8_fp": 0, "0.7_fp": 0, "0.5_fp": 0, "0.2_fp": 0}, "bolt_no_cheat": {"1_d_r": null, "0.99_d_r": null, "0.95_d_r": null, "0.9_d_r": 0.15, "0.8_d_r": 0.25, "0.7_d_r": 0.38333333333333336, "0.5_d_r": 0.4166666666666667, "0.2_d_r": 0.5166666666666667, "1_tp": 13, "0.99_tp": 17, "0.95_tp": 17, "0.9_tp": 17, "0.8_tp": 19, "0.7_tp": 19, "0.5_tp": 20, "0.2_tp": 23, "1_fp": 3, "0.99_fp": 6, "0.95_fp": 6, "0.9_fp": 7, "0.8_fp": 7, "0.7_fp": 8, "0.5_fp": 8, "0.2_fp": 8}, "finemap_cheat_casual": {"1_d_r": 0.03333333333333333, "0.99_d_r": 0.03333333333333333, "0.95_d_r": 0.03333333333333333, "0.9_d_r": 0.03333333333333333, "0.8_d_r": 0.21666666666666667, "0.7_d_r": 0.25, "0.5_d_r": 0.31666666666666665, "0.2_d_r": 0.4666666666666667, "1_tp": 12, "0.99_tp": 18, "0.95_tp": 19, "0.9_tp": 19, "0.8_tp": 19, "0.7_tp": 20, "0.5_tp": 22, "0.2_tp": 24, "1_fp": 2, "0.99_fp": 8, "0.95_fp": 12, "0.9_fp": 16, "0.8_fp": 19, "0.7_fp": 25, "0.5_fp": 27, "0.2_fp": 40}, "susieR": {"1_d_r": null, "0.99_d_r": null, "0.95_d_r": null, "0.9_d_r": null, "0.8_d_r": null, "0.7_d_r": 0.16666666666666666, "0.5_d_r": 0.23333333333333334, "0.2_d_r": 0.4166666666666667, "1_tp": 11, "0.99_tp": 19, "0.95_tp": 20, "0.9_tp": 20, "0.8_tp": 20, "0.7_tp": 21, "0.5_tp": 24, "0.2_tp": 25, "1_fp": 6, "0.99_fp": 51, "0.95_fp": 58, "0.9_fp": 59, "0.8_fp": 62, "0.7_fp": 65, "0.5_fp": 74, "0.2_fp": 92}, "bolt_cheat_casual": {"1_d_r": 0.1, "0.99_d_r": 0.1, "0.95_d_r": 0.1, "0.9_d_r": 0.16666666666666666, "0.8_d_r": 0.21666666666666667, "0.7_d_r": 0.2833333333333333, "0.5_d_r": 0.4166666666666667, "0.2_d_r": 0.43333333333333335, "1_tp": 12, "0.99_tp": 17, "0.95_tp": 18, "0.9_tp": 18, "0.8_tp": 19, "0.7_tp": 20, "0.5_tp": 21, "0.2_tp": 23, "1_fp": 3, "0.99_fp": 7, "0.95_fp": 10, "0.9_fp": 10, "0.8_fp": 11, "0.7_fp": 12, "0.5_fp": 12, "0.2_fp": 17}, "bayesr_default": {"1_d_r": 0.05, "0.99_d_r": 0.05, "0.95_d_r": 0.05, "0.9_d_r": 0.05, "0.8_d_r": 0.23333333333333334, "0.7_d_r": 0.36666666666666664, "0.5_d_r": 0.43333333333333335, "0.2_d_r": 0.4666666666666667, "1_tp": 12, "0.99_tp": 16, "0.95_tp": 17, "0.9_tp": 17, "0.8_tp": 18, "0.7_tp": 18, "0.5_tp": 20, "0.2_tp": 22, "1_fp": 3, "0.99_fp": 6, "0.95_fp": 6, "0.9_fp": 7, "0.8_fp": 7, "0.7_fp": 7, "0.5_fp": 7, "0.2_fp": 8}, "bolt_no_cheat_uniform": {"1_d_r": 0.03333333333333333, "0.99_d_r": 0.03333333333333333, "0.95_d_r": 0.03333333333333333, "0.9_d_r": 0.16666666666666666, "0.8_d_r": 0.25, "0.7_d_r": 0.38333333333333336, "0.5_d_r": 0.4166666666666667, "0.2_d_r": 0.5166666666666667, "1_tp": 13, "0.99_tp": 17, "0.95_tp": 17, "0.9_tp": 17, "0.8_tp": 19, "0.7_tp": 19, "0.5_tp": 20, "0.2_tp": 23, "1_fp": 2, "0.99_fp": 5, "0.95_fp": 5, "0.9_fp": 6, "0.8_fp": 6, "0.7_fp": 6, "0.5_fp": 6, "0.2_fp": 6}, "finemap": {"1_d_r": 0.06666666666666667, "0.99_d_r": 0.06666666666666667, "0.95_d_r": 0.06666666666666667, "0.9_d_r": 0.16666666666666666, "0.8_d_r": 0.21666666666666667, "0.7_d_r": 0.23333333333333334, "0.5_d_r": 0.31666666666666665, "0.2_d_r": 0.4666666666666667, "1_tp": 13, "0.99_tp": 19, "0.95_tp": 20, "0.9_tp": 20, "0.8_tp": 20, "0.7_tp": 22, "0.5_tp": 24, "0.2_tp": 27, "1_fp": 3, "0.99_fp": 24, "0.95_fp": 31, "0.9_fp": 35, "0.8_fp": 37, "0.7_fp": 45, "0.5_fp": 51, "0.2_fp": 81}, "bolt_anti_cheat": {"1_d_r": 0.03333333333333333, "0.99_d_r": 0.03333333333333333, "0.95_d_r": 0.03333333333333333, "0.9_d_r": 0.03333333333333333, "0.8_d_r": 0.23333333333333334, "0.7_d_r": 0.4, "0.5_d_r": 0.45, "0.2_d_r": 0.48333333333333334, "1_tp": 13, "0.99_tp": 17, "0.95_tp": 17, "0.9_tp": 19, "0.8_tp": 19, "0.7_tp": 21, "0.5_tp": 22, "0.2_tp": 25, "1_fp": 3, "0.99_fp": 7, "0.95_fp": 9, "0.9_fp": 9, "0.8_fp": 9, "0.7_fp": 9, "0.5_fp": 9, "0.2_fp": 12}, "bolt_cheat_he": {"1_d_r": 0.016666666666666666, "0.99_d_r": 0.016666666666666666, "0.95_d_r": 0.016666666666666666, "0.9_d_r": 0.016666666666666666, "0.8_d_r": 0.25, "0.7_d_r": 0.43333333333333335, "0.5_d_r": 0.4666666666666667, "0.2_d_r": 0.5, "1_tp": 12, "0.99_tp": 15, "0.95_tp": 16, "0.9_tp": 16, "0.8_tp": 17, "0.7_tp": 17, "0.5_tp": 17, "0.2_tp": 18, "1_fp": 3, "0.99_fp": 5, "0.95_fp": 6, "0.9_fp": 6, "0.8_fp": 6, "0.7_fp": 7, "0.5_fp": 7, "0.2_fp": 7}, "bolt_cheat": {"1_d_r": 0.03333333333333333, "0.99_d_r": 0.03333333333333333, "0.95_d_r": 0.03333333333333333, "0.9_d_r": 0.15, "0.8_d_r": 0.23333333333333334, "0.7_d_r": 0.4, "0.5_d_r": 0.45, "0.2_d_r": 0.48333333333333334, "1_tp": 12, "0.99_tp": 16, "0.95_tp": 17, "0.9_tp": 17, "0.8_tp": 19, "0.7_tp": 19, "0.5_tp": 21, "0.2_tp": 24, "1_fp": 2, "0.99_fp": 7, "0.95_fp": 8, "0.9_fp": 10, "0.8_fp": 10, "0.7_fp": 10, "0.5_fp": 10, "0.2_fp": 11}, "gwas": {"1_d_r": 0.1, "0.99_d_r": 0.1, "0.95_d_r": 0.1, "0.9_d_r": 0.1, "0.8_d_r": 0.11666666666666667, "0.7_d_r": 0.13333333333333333, "0.5_d_r": 0.16666666666666666, "0.2_d_r": 0.3}}