{"susie_cheat_casusal": {"1_d_r": 0.13333333333333333, "0.99_d_r": 0.13333333333333333, "0.95_d_r": 0.13333333333333333, "0.9_d_r": 0.35, "0.8_d_r": 0.4166666666666667, "0.7_d_r": 0.4166666666666667, "0.5_d_r": 0.43333333333333335, "0.2_d_r": 0.48333333333333334, "1_tp": 19, "0.99_tp": 25, "0.95_tp": 25, "0.9_tp": 25, "0.8_tp": 26, "0.7_tp": 26, "0.5_tp": 26, "0.2_tp": 26, "1_fp": 2, "0.99_fp": 12, "0.95_fp": 14, "0.9_fp": 15, "0.8_fp": 16, "0.7_fp": 17, "0.5_fp": 20, "0.2_fp": 32}, "susieR": {"1_d_r": null, "0.99_d_r": null, "0.95_d_r": null, "0.9_d_r": null, "0.8_d_r": 0.35, "0.7_d_r": 0.38333333333333336, "0.5_d_r": 0.5, "0.2_d_r": 0.55, "1_tp": 21, "0.99_tp": 30, "0.95_tp": 31, "0.9_tp": 31, "0.8_tp": 33, "0.7_tp": 33, "0.5_tp": 33, "0.2_tp": 33, "1_fp": 5, "0.99_fp": 36, "0.95_fp": 48, "0.9_fp": 57, "0.8_fp": 61, "0.7_fp": 63, "0.5_fp": 75, "0.2_fp": 103}, "finemap": {"1_d_r": 0.05, "0.99_d_r": 0.05, "0.95_d_r": 0.05, "0.9_d_r": 0.05, "0.8_d_r": 0.4, "0.7_d_r": 0.45, "0.5_d_r": 0.48333333333333334, "0.2_d_r": 0.5833333333333334, "1_tp": 24, "0.99_tp": 27, "0.95_tp": 29, "0.9_tp": 29, "0.8_tp": 31, "0.7_tp": 31, "0.5_tp": 31, "0.2_tp": 32, "1_fp": 5, "0.99_fp": 16, "0.95_fp": 27, "0.9_fp": 33, "0.8_fp": 37, "0.7_fp": 41, "0.5_fp": 51, "0.2_fp": 74}, "bayesr_default": {"1_d_r": 0.08333333333333333, "0.99_d_r": 0.08333333333333333, "0.95_d_r": 0.08333333333333333, "0.9_d_r": 0.08333333333333333, "0.8_d_r": 0.4, "0.7_d_r": 0.48333333333333334, "0.5_d_r": 0.5166666666666667, "0.2_d_r": 0.55, "1_tp": 18, "0.99_tp": 24, "0.95_tp": 24, "0.9_tp": 26, "0.8_tp": 26, "0.7_tp": 28, "0.5_tp": 29, "0.2_tp": 31, "1_fp": 5, "0.99_fp": 8, "0.95_fp": 9, "0.9_fp": 9, "0.8_fp": 10, "0.7_fp": 10, "0.5_fp": 11, "0.2_fp": 15}, "bolt_no_cheat_uniform": {"1_d_r": null, "0.99_d_r": null, "0.95_d_r": null, "0.9_d_r": null, "0.8_d_r": 0.13333333333333333, "0.7_d_r": 0.43333333333333335, "0.5_d_r": 0.5166666666666667, "0.2_d_r": 0.55, "1_tp": 18, "0.99_tp": 24, "0.95_tp": 24, "0.9_tp": 24, "0.8_tp": 26, "0.7_tp": 26, "0.5_tp": 28, "0.2_tp": 29, "1_fp": 7, "0.99_fp": 10, "0.95_fp": 10, "0.9_fp": 11, "0.8_fp": 13, "0.7_fp": 13, "0.5_fp": 13, "0.2_fp": 16}, "bolt_no_cheat": {"1_d_r": 0.016666666666666666, "0.99_d_r": 0.016666666666666666, "0.95_d_r": 0.016666666666666666, "0.9_d_r": 0.016666666666666666, "0.8_d_r": 0.016666666666666666, "0.7_d_r": 0.31666666666666665, "0.5_d_r": 0.5, "0.2_d_r": 0.5666666666666667, "1_tp": 17, "0.99_tp": 24, "0.95_tp": 24, "0.9_tp": 24, "0.8_tp": 27, "0.7_tp": 27, "0.5_tp": 28, "0.2_tp": 29, "1_fp": 8, "0.99_fp": 11, "0.95_fp": 11, "0.9_fp": 12, "0.8_fp": 13, "0.7_fp": 14, "0.5_fp": 14, "0.2_fp": 16}, "bolt_anti_cheat": {"1_d_r": 0.08333333333333333, "0.99_d_r": 0.08333333333333333, "0.95_d_r": 0.08333333333333333, "0.9_d_r": 0.08333333333333333, "0.8_d_r": 0.18333333333333332, "0.7_d_r": 0.48333333333333334, "0.5_d_r": 0.5, "0.2_d_r": 0.55, "1_tp": 21, "0.99_tp": 25, "0.95_tp": 27, "0.9_tp": 28, "0.8_tp": 29, "0.7_tp": 29, "0.5_tp": 29, "0.2_tp": 29, "1_fp": 6, "0.99_fp": 9, "0.95_fp": 10, "0.9_fp": 11, "0.8_fp": 11, "0.7_fp": 13, "0.5_fp": 15, "0.2_fp": 22}, "finemap_cheat_casual": {"1_d_r": null, "0.99_d_r": null, "0.95_d_r": null, "0.9_d_r": null, "0.8_d_r": 0.36666666666666664, "0.7_d_r": 0.4, "0.5_d_r": 0.43333333333333335, "0.2_d_r": 0.5166666666666667, "1_tp": 21, "0.99_tp": 23, "0.95_tp": 24, "0.9_tp": 25, "0.8_tp": 26, "0.7_tp": 26, "0.5_tp": 26, "0.2_tp": 26, "1_fp": 4, "0.99_fp": 9, "0.95_fp": 12, "0.9_fp": 18, "0.8_fp": 20, "0.7_fp": 22, "0.5_fp": 25, "0.2_fp": 38}, "bolt_cheat_casual": {"1_d_r": null, "0.99_d_r": null, "0.95_d_r": null, "0.9_d_r": null, "0.8_d_r": 0.11666666666666667, "0.7_d_r": 0.4, "0.5_d_r": 0.5, "0.2_d_r": 0.55, "1_tp": 15, "0.99_tp": 24, "0.95_tp": 26, "0.9_tp": 27, "0.8_tp": 27, "0.7_tp": 28, "0.5_tp": 30, "0.2_tp": 30, "1_fp": 8, "0.99_fp": 11, "0.95_fp": 14, "0.9_fp": 14, "0.8_fp": 15, "0.7_fp": 15, "0.5_fp": 15, "0.2_fp": 25}, "bolt_cheat_he": {"1_d_r": 0.06666666666666667, "0.99_d_r": 0.06666666666666667, "0.95_d_r": 0.06666666666666667, "0.9_d_r": 0.06666666666666667, "0.8_d_r": 0.4166666666666667, "0.7_d_r": 0.5, "0.5_d_r": 0.5333333333333333, "0.2_d_r": 0.5833333333333334, "1_tp": 19, "0.99_tp": 24, "0.95_tp": 24, "0.9_tp": 24, "0.8_tp": 24, "0.7_tp": 24, "0.5_tp": 24, "0.2_tp": 27, "1_fp": 3, "0.99_fp": 5, "0.95_fp": 5, "0.9_fp": 5, "0.8_fp": 5, "0.7_fp": 6, "0.5_fp": 6, "0.2_fp": 8}, "bolt_no_cheat_non_zero_f1": {"1_d_r": null, "0.99_d_r": null, "0.95_d_r": null, "0.9_d_r": null, "0.8_d_r": null, "0.7_d_r": null, "0.5_d_r": null, "0.2_d_r": null, "1_tp": 0, "0.99_tp": 0, "0.95_tp": 0, "0.9_tp": 0, "0.8_tp": 0, "0.7_tp": 0, "0.5_tp": 0, "0.2_tp": 0, "1_fp": 0, "0.99_fp": 0, "0.95_fp": 0, "0.9_fp": 0, "0.8_fp": 0, "0.7_fp": 0, "0.5_fp": 0, "0.2_fp": 0}, "bolt_cheat": {"1_d_r": 0.11666666666666667, "0.99_d_r": 0.11666666666666667, "0.95_d_r": 0.11666666666666667, "0.9_d_r": 0.11666666666666667, "0.8_d_r": 0.5, "0.7_d_r": 0.5166666666666667, "0.5_d_r": 0.5333333333333333, "0.2_d_r": 0.5833333333333334, "1_tp": 22, "0.99_tp": 25, "0.95_tp": 26, "0.9_tp": 28, "0.8_tp": 29, "0.7_tp": 30, "0.5_tp": 31, "0.2_tp": 31, "1_fp": 4, "0.99_fp": 7, "0.95_fp": 7, "0.9_fp": 7, "0.8_fp": 7, "0.7_fp": 8, "0.5_fp": 9, "0.2_fp": 13}, "gwas": {"1_d_r": null, "0.99_d_r": null, "0.95_d_r": null, "0.9_d_r": null, "0.8_d_r": null, "0.7_d_r": 0.05, "0.5_d_r": 0.05, "0.2_d_r": 0.08333333333333333}}