{"finemap_cheat_casual": {"1_d_r": 0.11666666666666667, "0.99_d_r": 0.11666666666666667, "0.95_d_r": 0.11666666666666667, "0.9_d_r": 0.2, "0.8_d_r": 0.5666666666666667, "0.7_d_r": 0.65, "0.5_d_r": 0.7, "0.2_d_r": 0.7166666666666667, "1_tp": 32, "0.99_tp": 36, "0.95_tp": 37, "0.9_tp": 38, "0.8_tp": 38, "0.7_tp": 38, "0.5_tp": 39, "0.2_tp": 40, "1_fp": 6, "0.99_fp": 10, "0.95_fp": 11, "0.9_fp": 13, "0.8_fp": 15, "0.7_fp": 15, "0.5_fp": 17, "0.2_fp": 23}, "bolt_no_cheat": {"1_d_r": 0.06666666666666667, "0.99_d_r": 0.06666666666666667, "0.95_d_r": 0.06666666666666667, "0.9_d_r": 0.06666666666666667, "0.8_d_r": 0.6166666666666667, "0.7_d_r": 0.7, "0.5_d_r": 0.7, "0.2_d_r": 0.7, "1_tp": 35, "0.99_tp": 37, "0.95_tp": 39, "0.9_tp": 39, "0.8_tp": 41, "0.7_tp": 41, "0.5_tp": 42, "0.2_tp": 42, "1_fp": 8, "0.99_fp": 9, "0.95_fp": 11, "0.9_fp": 12, "0.8_fp": 14, "0.7_fp": 14, "0.5_fp": 17, "0.2_fp": 20}, "susieR": {"1_d_r": 0.016666666666666666, "0.99_d_r": 0.016666666666666666, "0.95_d_r": 0.016666666666666666, "0.9_d_r": 0.016666666666666666, "0.8_d_r": 0.08333333333333333, "0.7_d_r": 0.16666666666666666, "0.5_d_r": 0.5666666666666667, "0.2_d_r": 0.75, "1_tp": 31, "0.99_tp": 40, "0.95_tp": 41, "0.9_tp": 42, "0.8_tp": 42, "0.7_tp": 42, "0.5_tp": 42, "0.2_tp": 43, "1_fp": 23, "0.99_fp": 81, "0.95_fp": 92, "0.9_fp": 96, "0.8_fp": 103, "0.7_fp": 107, "0.5_fp": 117, "0.2_fp": 148}, "susie_cheat_casusal": {"1_d_r": 0.15, "0.99_d_r": 0.15, "0.95_d_r": 0.15, "0.9_d_r": 0.3, "0.8_d_r": 0.5166666666666667, "0.7_d_r": 0.6333333333333333, "0.5_d_r": 0.6666666666666666, "0.2_d_r": 0.7, "1_tp": 29, "0.99_tp": 35, "0.95_tp": 36, "0.9_tp": 36, "0.8_tp": 37, "0.7_tp": 38, "0.5_tp": 38, "0.2_tp": 39, "1_fp": 4, "0.99_fp": 13, "0.95_fp": 14, "0.9_fp": 15, "0.8_fp": 16, "0.7_fp": 17, "0.5_fp": 20, "0.2_fp": 23}, "bolt_cheat": {"1_d_r": 0.05, "0.99_d_r": 0.05, "0.95_d_r": 0.05, "0.9_d_r": 0.05, "0.8_d_r": 0.6166666666666667, "0.7_d_r": 0.6666666666666666, "0.5_d_r": 0.6666666666666666, "0.2_d_r": 0.7166666666666667, "1_tp": 33, "0.99_tp": 37, "0.95_tp": 37, "0.9_tp": 38, "0.8_tp": 39, "0.7_tp": 39, "0.5_tp": 40, "0.2_tp": 40, "1_fp": 8, "0.99_fp": 9, "0.95_fp": 10, "0.9_fp": 10, "0.8_fp": 11, "0.7_fp": 11, "0.5_fp": 15, "0.2_fp": 17}, "finemap": {"1_d_r": 0.016666666666666666, "0.99_d_r": 0.016666666666666666, "0.95_d_r": 0.016666666666666666, "0.9_d_r": 0.18333333333333332, "0.8_d_r": 0.45, "0.7_d_r": 0.65, "0.5_d_r": 0.7, "0.2_d_r": 0.8166666666666667, "1_tp": 38, "0.99_tp": 40, "0.95_tp": 41, "0.9_tp": 42, "0.8_tp": 42, "0.7_tp": 42, "0.5_tp": 43, "0.2_tp": 45, "1_fp": 13, "0.99_fp": 27, "0.95_fp": 33, "0.9_fp": 35, "0.8_fp": 39, "0.7_fp": 40, "0.5_fp": 47, "0.2_fp": 70}, "gwas": {"1_d_r": 0.016666666666666666, "0.99_d_r": 0.016666666666666666, "0.95_d_r": 0.016666666666666666, "0.9_d_r": 0.016666666666666666, "0.8_d_r": 0.016666666666666666, "0.7_d_r": 0.016666666666666666, "0.5_d_r": 0.1, "0.2_d_r": 0.5}}