{"bolt_no_cheat": {"1_d_r": 0.13333333333333333, "0.99_d_r": 0.13333333333333333, "0.95_d_r": 0.13333333333333333, "0.9_d_r": 0.13333333333333333, "0.8_d_r": 0.2833333333333333, "0.7_d_r": 0.2833333333333333, "0.5_d_r": 0.31666666666666665, "0.2_d_r": 0.4, "1_tp": 7, "0.99_tp": 9, "0.95_tp": 10, "0.9_tp": 12, "0.8_tp": 12, "0.7_tp": 14, "0.5_tp": 16, "0.2_tp": 17, "1_fp": 0, "0.99_fp": 2, "0.95_fp": 2, "0.9_fp": 3, "0.8_fp": 3, "0.7_fp": 3, "0.5_fp": 4, "0.2_fp": 5}, "susieR": {"1_d_r": 0.016666666666666666, "0.99_d_r": 0.016666666666666666, "0.95_d_r": 0.016666666666666666, "0.9_d_r": 0.016666666666666666, "0.8_d_r": 0.08333333333333333, "0.7_d_r": 0.11666666666666667, "0.5_d_r": 0.16666666666666666, "0.2_d_r": 0.43333333333333335, "1_tp": 5, "0.99_tp": 13, "0.95_tp": 14, "0.9_tp": 15, "0.8_tp": 16, "0.7_tp": 17, "0.5_tp": 19, "0.2_tp": 24, "1_fp": 2, "0.99_fp": 24, "0.95_fp": 32, "0.9_fp": 34, "0.8_fp": 37, "0.7_fp": 38, "0.5_fp": 43, "0.2_fp": 60}, "bolt_cheat": {"1_d_r": 0.15, "0.99_d_r": 0.15, "0.95_d_r": 0.15, "0.9_d_r": 0.15, "0.8_d_r": 0.23333333333333334, "0.7_d_r": 0.31666666666666665, "0.5_d_r": 0.3333333333333333, "0.2_d_r": 0.4, "1_tp": 8, "0.99_tp": 10, "0.95_tp": 12, "0.9_tp": 12, "0.8_tp": 14, "0.7_tp": 14, "0.5_tp": 15, "0.2_tp": 17, "1_fp": 0, "0.99_fp": 2, "0.95_fp": 2, "0.9_fp": 2, "0.8_fp": 2, "0.7_fp": 4, "0.5_fp": 5, "0.2_fp": 7}, "finemap": {"1_d_r": 0.05, "0.99_d_r": 0.05, "0.95_d_r": 0.05, "0.9_d_r": 0.05, "0.8_d_r": 0.05, "0.7_d_r": 0.11666666666666667, "0.5_d_r": 0.15, "0.2_d_r": 0.36666666666666664, "1_tp": 8, "0.99_tp": 9, "0.95_tp": 13, "0.9_tp": 14, "0.8_tp": 15, "0.7_tp": 15, "0.5_tp": 18, "0.2_tp": 22, "1_fp": 6, "0.99_fp": 19, "0.95_fp": 28, "0.9_fp": 31, "0.8_fp": 37, "0.7_fp": 43, "0.5_fp": 51, "0.2_fp": 70}, "finemap_cheat_casual": {"1_d_r": 0.016666666666666666, "0.99_d_r": 0.016666666666666666, "0.95_d_r": 0.016666666666666666, "0.9_d_r": 0.016666666666666666, "0.8_d_r": 0.016666666666666666, "0.7_d_r": 0.08333333333333333, "0.5_d_r": 0.15, "0.2_d_r": 0.36666666666666664, "1_tp": 8, "0.99_tp": 9, "0.95_tp": 11, "0.9_tp": 12, "0.8_tp": 13, "0.7_tp": 13, "0.5_tp": 16, "0.2_tp": 20, "1_fp": 4, "0.99_fp": 12, "0.95_fp": 16, "0.9_fp": 16, "0.8_fp": 18, "0.7_fp": 21, "0.5_fp": 31, "0.2_fp": 46}, "susie_cheat_casusal": {"1_d_r": 0.08333333333333333, "0.99_d_r": 0.08333333333333333, "0.95_d_r": 0.08333333333333333, "0.9_d_r": 0.08333333333333333, "0.8_d_r": 0.1, "0.7_d_r": 0.13333333333333333, "0.5_d_r": 0.2833333333333333, "0.2_d_r": 0.38333333333333336, "1_tp": 5, "0.99_tp": 11, "0.95_tp": 13, "0.9_tp": 13, "0.8_tp": 14, "0.7_tp": 15, "0.5_tp": 17, "0.2_tp": 22, "1_fp": 1, "0.99_fp": 7, "0.95_fp": 11, "0.9_fp": 11, "0.8_fp": 11, "0.7_fp": 12, "0.5_fp": 17, "0.2_fp": 30}, "gwas": {"1_d_r": 0.016666666666666666, "0.99_d_r": 0.016666666666666666, "0.95_d_r": 0.016666666666666666, "0.9_d_r": 0.016666666666666666, "0.8_d_r": 0.016666666666666666, "0.7_d_r": 0.016666666666666666, "0.5_d_r": 0.11666666666666667, "0.2_d_r": 0.38333333333333336}}